2025-11-10_18-20-32,None,draft.py:2025-11-10_18-20-32
2025-11-10_18-20-37,None,draft.py:2025-11-10_18-20-32
2025-11-10_18-21-08,None,draft.py:2025-11-10_18-21-08
2025-11-10_18-23-43,None,draft.py:2025-11-10_18-23-43
2025-11-10_18-41-56,None,draft.py:2025-11-10_18-41-56
2025-11-10_18-44-43,None,draft.py:2025-11-10_18-44-43
2025-11-10_18-50-21,None,draft.py:2025-11-10_18-50-21
2025-11-10_18-51-11,None,draft.py:2025-11-10_18-51-11
2025-11-10_18-52-07,None,draft.py:2025-11-10_18-52-07
2025-11-10_18-54-13,None,draft.py:2025-11-10_18-54-13
2025-11-10_18-54-49,None,draft.py:2025-11-10_18-54-13
2025-11-10_19-08-25,None,draft.py:2025-11-10_18-54-13
2025-11-12_14-26-20,None,draft.py:2025-11-10_18-54-13
